{"cameraMode":{"drawMode":0,"name":"Shaded","section":"Shading Mode"},"sceneLighting":true,"audioPlay":false,"sceneViewState":{"showFog":true,"showMaterialUpdate":false,"showSkybox":true,"showFlares":true,"showImageEffects":true,"showParticleSystems":true,"showVisualEffectGraphs":true,"m_FxEnabled":true},"in2DMode":false,"pivot":{"x":-6.3821024894714359,"y":3.2669355869293215,"z":-7.88533878326416},"rotation":{"x":-0.12150947749614716,"y":-0.0023831662256270649,"z":0.00029420905048027635,"w":-0.9925988912582398},"size":2.4563043117523195,"orthographic":false}