{"cameraMode":{"drawMode":0,"name":"Shaded","section":"Shading Mode"},"sceneLighting":true,"audioPlay":false,"sceneViewState":{"showFog":true,"showMaterialUpdate":false,"showSkybox":true,"showFlares":true,"showImageEffects":true,"showParticleSystems":true,"showVisualEffectGraphs":true,"m_FxEnabled":true},"in2DMode":false,"pivot":{"x":-0.8302391171455383,"y":1.4967899322509766,"z":-1.216111183166504},"rotation":{"x":-0.13902880251407624,"y":0.013351650908589363,"z":-0.0019101178040727974,"w":-0.9901556372642517},"size":0.3700719475746155,"orthographic":false}