{"cameraMode":{"drawMode":0,"name":"Shaded","section":"Shading Mode"},"sceneLighting":true,"audioPlay":false,"sceneViewState":{"showFog":true,"showMaterialUpdate":false,"showSkybox":true,"showFlares":true,"showImageEffects":true,"showParticleSystems":true,"showVisualEffectGraphs":true,"m_FxEnabled":true},"in2DMode":false,"pivot":{"x":-7.4495439529418949,"y":5.671512126922607,"z":0.14126944541931153},"rotation":{"x":0.22977229952812196,"y":-0.23034244775772096,"z":0.05606427043676376,"w":0.943784773349762},"size":4.425575256347656,"orthographic":false}