{"cameraMode":{"drawMode":0,"name":"Shaded","section":"Shading Mode"},"sceneLighting":true,"audioPlay":false,"sceneViewState":{"showFog":true,"showMaterialUpdate":false,"showSkybox":true,"showFlares":true,"showImageEffects":true,"showParticleSystems":true,"showVisualEffectGraphs":true,"m_FxEnabled":true},"in2DMode":false,"pivot":{"x":-9.995854377746582,"y":-2.8961970806121828,"z":3.1692590713500978},"rotation":{"x":-0.14651702344417573,"y":0.15130147337913514,"z":-0.022679870948195459,"w":-0.9773079752922058},"size":7.130642414093018,"orthographic":false}