{"cameraMode":{"drawMode":0,"name":"Shaded","section":"Shading Mode"},"sceneLighting":true,"audioPlay":false,"sceneViewState":{"showFog":true,"showMaterialUpdate":false,"showSkybox":true,"showFlares":true,"showImageEffects":true,"showParticleSystems":true,"showVisualEffectGraphs":true,"m_FxEnabled":true},"in2DMode":false,"pivot":{"x":5.6818013191223148,"y":1.4241306781768799,"z":-8.269731521606446},"rotation":{"x":-0.1644054651260376,"y":0.043492887169122699,"z":-0.00722445547580719,"w":-0.9854411482810974},"size":2.3128461837768556,"orthographic":false}