{"cameraMode":{"drawMode":0,"name":"Shaded","section":"Shading Mode"},"sceneLighting":true,"audioPlay":false,"sceneViewState":{"showFog":true,"showMaterialUpdate":false,"showSkybox":true,"showFlares":true,"showImageEffects":true,"showParticleSystems":true,"showVisualEffectGraphs":true,"m_FxEnabled":true},"in2DMode":false,"pivot":{"x":5.365909576416016,"y":1.3217122554779053,"z":1.6029720306396485},"rotation":{"x":0.14010600745677949,"y":-0.07714741677045822,"z":0.010950366035103798,"w":0.9870648384094238},"size":3.9908993244171144,"orthographic":false}