{"cameraMode":{"drawMode":0,"name":"Shaded","section":"Shading Mode"},"sceneLighting":true,"audioPlay":false,"sceneViewState":{"showFog":true,"showMaterialUpdate":false,"showSkybox":true,"showFlares":true,"showImageEffects":true,"showParticleSystems":true,"showVisualEffectGraphs":true,"m_FxEnabled":true},"in2DMode":false,"pivot":{"x":1.4099998474121094,"y":2.820000171661377,"z":0.8300000429153442},"rotation":{"x":-0.18375803530216218,"y":-0.003836231306195259,"z":0.0007172534824348986,"w":-0.9829636812210083},"size":1.2065680027008057,"orthographic":false}