{"cameraMode":{"drawMode":0,"name":"Shaded","section":"Shading Mode"},"sceneLighting":true,"audioPlay":false,"sceneViewState":{"showFog":true,"showMaterialUpdate":false,"showSkybox":true,"showFlares":true,"showImageEffects":true,"showParticleSystems":true,"showVisualEffectGraphs":true,"m_FxEnabled":true},"in2DMode":false,"pivot":{"x":-1.1580575704574586,"y":0.09833474457263947,"z":-33.28684997558594},"rotation":{"x":0.194219708442688,"y":0.25897836685180666,"z":-0.053273431956768039,"w":0.9445057511329651},"size":15.134393692016602,"orthographic":false}