{"cameraMode":{"drawMode":0,"name":"Shaded","section":"Shading Mode"},"sceneLighting":true,"audioPlay":false,"sceneViewState":{"showFog":true,"showMaterialUpdate":false,"showSkybox":true,"showFlares":true,"showImageEffects":true,"showParticleSystems":true,"showVisualEffectGraphs":true,"m_FxEnabled":true},"in2DMode":false,"pivot":{"x":1.8247746229171754,"y":-2.3422775268554689,"z":2.9029040336608888},"rotation":{"x":-0.33677077293395998,"y":-0.002838958753272891,"z":0.001003458397462964,"w":-0.9415442943572998},"size":3.5657529830932619,"orthographic":false}