{"cameraMode":{"drawMode":0,"name":"Shaded","section":"Shading Mode"},"sceneLighting":true,"audioPlay":false,"sceneViewState":{"showFog":true,"showMaterialUpdate":false,"showSkybox":true,"showFlares":true,"showImageEffects":true,"showParticleSystems":true,"showVisualEffectGraphs":true,"m_FxEnabled":true},"in2DMode":false,"pivot":{"x":-10.726758003234864,"y":3.3127799034118654,"z":-4.397263526916504},"rotation":{"x":-0.33126628398895266,"y":0.02886282652616501,"z":-0.01013666857033968,"w":-0.9430356621742249},"size":2.5859873294830324,"orthographic":false}