{"cameraMode":{"drawMode":0,"name":"Shaded","section":"Shading Mode"},"sceneLighting":true,"audioPlay":false,"sceneViewState":{"showFog":true,"showMaterialUpdate":false,"showSkybox":true,"showFlares":true,"showImageEffects":true,"showParticleSystems":true,"showVisualEffectGraphs":true,"m_FxEnabled":true},"in2DMode":false,"pivot":{"x":1.5067055225372315,"y":1.7574856281280518,"z":-2.3793931007385256},"rotation":{"x":-0.025495203211903573,"y":0.007485903333872557,"z":-0.00019827389041893184,"w":-0.9996155500411987},"size":0.3598080277442932,"orthographic":false}