{"cameraMode":{"drawMode":0,"name":"Shaded","section":"Shading Mode"},"sceneLighting":true,"audioPlay":false,"sceneViewState":{"showFog":true,"showMaterialUpdate":false,"showSkybox":true,"showFlares":true,"showImageEffects":true,"showParticleSystems":true,"showVisualEffectGraphs":true,"m_FxEnabled":true},"in2DMode":false,"pivot":{"x":1.286102533340454,"y":0.2253434658050537,"z":2.7116241455078127},"rotation":{"x":-0.12590254843235017,"y":0.033323004841804507,"z":-0.004232010804116726,"w":-0.9914700388908386},"size":3.7869532108306886,"orthographic":false}