{"cameraMode":{"drawMode":0,"name":"Shaded","section":"Shading Mode"},"sceneLighting":true,"audioPlay":false,"sceneViewState":{"showFog":true,"showMaterialUpdate":false,"showSkybox":true,"showFlares":true,"showImageEffects":true,"showParticleSystems":true,"showVisualEffectGraphs":true,"m_FxEnabled":true},"in2DMode":false,"pivot":{"x":1.4065302610397339,"y":1.7193979024887086,"z":-2.6639962196350099},"rotation":{"x":-0.08269882947206497,"y":0.018530115485191346,"z":-0.0015493823448196054,"w":-0.9963738918304443},"size":1.079749584197998,"orthographic":false}