{"cameraMode":{"drawMode":0,"name":"Shaded","section":"Shading Mode"},"sceneLighting":true,"audioPlay":false,"sceneViewState":{"showFog":true,"showMaterialUpdate":false,"showSkybox":true,"showFlares":true,"showImageEffects":true,"showParticleSystems":true,"showVisualEffectGraphs":true,"m_FxEnabled":true},"in2DMode":false,"pivot":{"x":236.93399047851563,"y":158.99179077148438,"z":62.050254821777347},"rotation":{"x":-0.1644054651260376,"y":0.043492887169122699,"z":-0.00722445547580719,"w":-0.9854411482810974},"size":181.00570678710938,"orthographic":false}