{"cameraMode":{"drawMode":0,"name":"Shaded","section":"Shading Mode"},"sceneLighting":true,"audioPlay":false,"sceneViewState":{"showFog":true,"showMaterialUpdate":false,"showSkybox":true,"showFlares":true,"showImageEffects":true,"showParticleSystems":true,"showVisualEffectGraphs":true,"m_FxEnabled":true},"in2DMode":false,"pivot":{"x":1.3300000429153443,"y":3.4100000858306886,"z":-5.349999904632568},"rotation":{"x":-0.26024290919303896,"y":-0.07091213017702103,"z":0.01912216655910015,"w":-0.9627419114112854},"size":0.11311063170433045,"orthographic":false}