{"cameraMode":{"drawMode":0,"name":"Shaded","section":"Shading Mode"},"sceneLighting":true,"audioPlay":false,"sceneViewState":{"showFog":true,"showMaterialUpdate":false,"showSkybox":true,"showFlares":true,"showImageEffects":true,"showParticleSystems":true,"showVisualEffectGraphs":true,"m_FxEnabled":true},"in2DMode":false,"pivot":{"x":6.272362232208252,"y":4.0462727546691898,"z":-4.297023296356201},"rotation":{"x":-0.2797452211380005,"y":0.042323239147663119,"z":-0.012340957298874855,"w":-0.9590708017349243},"size":2.6097702980041506,"orthographic":false}