{"cameraMode":{"drawMode":0,"name":"Shaded","section":"Shading Mode"},"sceneLighting":true,"audioPlay":false,"sceneViewState":{"showFog":true,"showMaterialUpdate":false,"showSkybox":true,"showFlares":true,"showImageEffects":true,"showParticleSystems":true,"showVisualEffectGraphs":true,"m_FxEnabled":true},"in2DMode":false,"pivot":{"x":-0.38999998569488528,"y":5.170000076293945,"z":1.7239999771118165},"rotation":{"x":-0.12128537148237229,"y":0.06011226773262024,"z":-0.007363101001828909,"w":-0.9907776713371277},"size":15.184337615966797,"orthographic":false}