{"cameraMode":{"drawMode":0,"name":"Shaded","section":"Shading Mode"},"sceneLighting":true,"audioPlay":false,"sceneViewState":{"showFog":true,"showMaterialUpdate":false,"showSkybox":true,"showFlares":true,"showImageEffects":true,"showParticleSystems":true,"showVisualEffectGraphs":true,"m_FxEnabled":true},"in2DMode":false,"pivot":{"x":0.019716531038284303,"y":-5.5658416748046879,"z":-1.8346433639526368},"rotation":{"x":-0.2800106704235077,"y":-0.0051866560243070129,"z":0.0015135054709389806,"w":-0.9599818587303162},"size":15.369848251342774,"orthographic":false}