{"cameraMode":{"drawMode":0,"name":"Shaded","section":"Shading Mode"},"sceneLighting":true,"audioPlay":false,"sceneViewState":{"showFog":true,"showMaterialUpdate":false,"showSkybox":true,"showFlares":true,"showImageEffects":true,"showParticleSystems":true,"showVisualEffectGraphs":true,"m_FxEnabled":true},"in2DMode":false,"pivot":{"x":1.286102533340454,"y":0.2253434658050537,"z":2.7116241455078127},"rotation":{"x":-0.27424725890159609,"y":0.0034590396098792555,"z":-0.0009869355708360673,"w":-0.9616488218307495},"size":6.786954879760742,"orthographic":false}