{"cameraMode":{"drawMode":0,"name":"Shaded","section":"Shading Mode"},"sceneLighting":false,"audioPlay":false,"sceneViewState":{"showFog":true,"showMaterialUpdate":false,"showSkybox":false,"showFlares":true,"showImageEffects":true,"showParticleSystems":true,"showVisualEffectGraphs":true,"m_FxEnabled":true},"in2DMode":false,"pivot":{"x":-4.498096466064453,"y":1.2117500305175782,"z":-1.4079999923706055},"rotation":{"x":-0.12150947749614716,"y":-0.0023831662256270649,"z":0.00029420905048027635,"w":-0.9925988912582398},"size":1.1819730997085572,"orthographic":false}