{"cameraMode":{"drawMode":0,"name":"Shaded","section":"Shading Mode"},"sceneLighting":false,"audioPlay":false,"sceneViewState":{"showFog":true,"showMaterialUpdate":false,"showSkybox":false,"showFlares":true,"showImageEffects":true,"showParticleSystems":true,"showVisualEffectGraphs":true,"m_FxEnabled":true},"in2DMode":false,"pivot":{"x":1.4099998474121094,"y":2.820000171661377,"z":0.8300000429153442},"rotation":{"x":-0.2797452211380005,"y":0.042323239147663119,"z":-0.012340957298874855,"w":-0.9590708017349243},"size":1.2065680027008057,"orthographic":false}